size,PSNR
3,24.50962741746199
5,26.627132000216974
7,26.210957079416065
9,25.199719017013592
11,24.24471247299225
