size,PSNR
3,34.61699463374619
5,32.163289452633705
7,30.48140032808189
9,29.3012106647895
11,28.433211696410297
