size,PSNR
3,24.63370056731624
5,26.708133888613993
7,26.247345122073384
9,25.174139797532504
11,24.222106359998058
