size,PSNR
3,17.396960464105526
5,21.244226106299287
7,23.27004110961588
9,24.20313219722534
11,24.535166858681855
