size,PSNR
3,24.522138782255105
5,26.592213668533144
7,26.20387338074821
9,25.247360042408662
11,24.28765822802932
