weight,max_iter,PSNR
0.1,100,24.29801959389248
0.1,150,24.29801959389248
0.1,200,24.29801959389248
0.1,250,24.29801959389248
0.15,100,24.669000536495965
0.15,150,24.669000536495965
0.15,200,24.669000536495965
0.15,250,24.669000536495965
0.2,100,24.953545035552843
0.2,150,24.953545035552843
0.2,200,24.953545035552843
0.2,250,24.953545035552843
0.25,100,25.182750237806783
0.25,150,25.182750237806783
0.25,200,25.182750237806783
0.25,250,25.182750237806783
