weight,max_iter,PSNR
0.1,100,21.272397884410033
0.1,150,21.272397884410033
0.1,200,21.272397884410033
0.1,250,21.272397884410033
0.15,100,21.594581697897688
0.15,150,21.594581697897688
0.15,200,21.594581697897688
0.15,250,21.594581697897688
0.2,100,21.85439904284419
0.2,150,21.85439904284419
0.2,200,21.85439904284419
0.2,250,21.85439904284419
0.25,100,22.072969777694148
0.25,150,22.072969777694148
0.25,200,22.072969777694148
0.25,250,22.072969777694148
