weight,max_iter,PSNR
0.1,100,21.01998513346077
0.1,150,21.01998513346077
0.1,200,21.01998513346077
0.1,250,21.01998513346077
0.15,100,21.33433511148654
0.15,150,21.33433511148654
0.15,200,21.33433511148654
0.15,250,21.33433511148654
0.2,100,21.577620580940867
0.2,150,21.577620580940867
0.2,200,21.577620580940867
0.2,250,21.577620580940867
0.25,100,21.77303900030188
0.25,150,21.77303900030188
0.25,200,21.77303900030188
0.25,250,21.77303900030188
