weight,max_iter,PSNR
0.1,100,24.64638352084326
0.1,150,24.64638352084326
0.1,200,24.64638352084326
0.1,250,24.64638352084326
0.15,100,25.035905091704524
0.15,150,25.035905091704524
0.15,200,25.035905091704524
0.15,250,25.035905091704524
0.2,100,25.30046040800153
0.2,150,25.30046040800153
0.2,200,25.30046040800153
0.2,250,25.30046040800153
0.25,100,25.493717111488948
0.25,150,25.493717111488948
0.25,200,25.493717111488948
0.25,250,25.493717111488948
